trial,wp,β1,wb,β2,wm,Rm,Qb,η1,η2,Rs,p,Q,Π_pi,Π_bi,Π_mi,Π_ri,total_Π
1,4.526953855169689,0.4401008709570113,4.925938332744865,0.6934206684781766,144.98908737466644,1.0,0.01,0.01,0.8268194791792444,1.3715799557539339,144.99908737466643,0.01,0.7858598229652145,0.021546720506701887,-5.166182103352298,1298.928480126525,1294.5697045666448
2,3.194587601859793,0.9661099046040208,4.563535862510111,0.7803430191714147,17.939658293354313,234.72952983890525,39.68127518692534,0.02297187446487936,0.9272851032614139,290.83732071302774,83.71959511376326,220.76312281349038,-46.98484778729494,76.13132346155108,1322.745629636056,9112.47477567267,10464.366880982983
3,3.26110272004407,0.4513782191376558,3.908466435310487,0.9182296890716297,144.61697408570515,475.16834623356374,94.87924469982504,0.46195762240052307,0.8438647698069218,590.4382266374889,147.0584860076381,446.8958296326667,-40.39529839611919,131.4185174269411,48277.82340678193,1397.8718404670353,49766.71846627979
4,4.271975635358103,0.8163063810054134,4.5959236917560204,0.23269394734908136,144.98643480665206,1.0,0.01,0.01,0.8268194791792444,1.3640862300356422,144.99643480665205,0.01,0.6661051380926866,0.01938701547841949,-5.01350001731437,1299.5914352247005,1295.2634273609572
5,4.096986182551037,0.07254091098209181,4.837795943171966,0.6290311111396235,144.92594714950673,487.90464073392485,164.71173346238962,0.3825253015998084,0.8837496155067138,642.4850000811339,149.99131402518452,454.3406587240508,198.92966904960622,306.362975144508,47163.71547250211,3648.6911478905486,51317.69926458677
